date,product,price,quantity,sales
2023-01-01,Товар_A,99.72,207,20642.76
2023-01-02,Товар_A,104.09,231,24043.78
2023-01-03,Товар_A,101.57,238,24172.57
2023-01-04,Товар_A,104.47,283,29566.08
2023-01-05,Товар_A,104.8,269,28191.43
2023-01-06,Товар_A,103.4,282,29158.42
2023-01-07,Товар_A,100.93,301,30379.55
2023-01-08,Товар_A,103.85,277,28765.91
2023-01-09,Товар_A,105.6,288,30413.12
2023-01-10,Товар_A,101.93,285,29050.24
2023-01-11,Товар_A,103.88,313,32513.99
2023-01-12,Товар_A,100.87,280,28242.54
2023-01-13,Товар_A,103.16,256,26409.16
2023-01-14,Товар_A,102.79,229,23537.78
2023-01-15,Товар_A,100.46,218,21899.45
2023-01-16,Товар_A,103.7,198,20533.5
2023-01-17,Товар_A,96.85,187,18110.02
2023-01-18,Товар_A,95.52,180,17194.43
2023-01-19,Товар_A,93.14,153,14250.69
2023-01-20,Товар_A,96.68,115,11117.97
2023-01-21,Товар_A,96.01,134,12865.69
2023-01-22,Товар_A,94.64,113,10694.6
2023-01-23,Товар_A,93.59,89,8329.31
2023-01-24,Товар_A,97.14,105,10199.87
2023-01-25,Товар_A,91.72,122,11189.67
2023-01-26,Товар_A,94.9,130,12336.96
2023-01-27,Товар_A,97.51,128,12480.98
2023-01-28,Товар_A,98.92,170,16817.02
2023-01-29,Товар_A,97.35,160,15575.66
2023-01-30,Товар_A,100.91,198,19980.48
2023-01-31,Товар_A,99.63,207,20623.14
2023-02-01,Товар_A,98.65,219,21603.72
2023-02-02,Товар_A,104.75,268,28071.97
2023-02-03,Товар_A,104.95,274,28755.2
2023-02-04,Товар_A,102.43,296,30317.94
2023-02-05,Товар_A,107.41,309,33188.52
2023-02-06,Товар_A,107.88,312,33659.99
2023-02-07,Товар_A,106.62,278,29639.36
2023-02-08,Товар_A,104.37,319,33295.5
2023-02-09,Товар_A,100.78,315,31745.75
2023-02-10,Товар_A,105.04,303,31828.44
2023-02-11,Товар_A,102.68,316,32446.62
2023-02-12,Товар_A,101.94,267,27216.76
2023-02-13,Товар_A,102.69,275,28240.08
2023-02-14,Товар_A,102.07,234,23883.47
2023-02-15,Товар_A,101.94,223,22732.02
2023-02-16,Товар_A,98.31,191,18776.28
2023-02-17,Товар_A,95.04,176,16726.91
2023-02-18,Товар_A,97.58,169,16491.56
2023-02-19,Товар_A,95.82,150,14372.27
2023-02-20,Товар_A,94.83,117,11094.94
2023-02-21,Товар_A,93.64,125,11705.02
2023-02-22,Товар_A,95.84,124,11883.6
2023-02-23,Товар_A,95.38,155,14783.36
2023-02-24,Товар_A,95.1,135,12837.94
2023-02-25,Товар_A,95.62,112,10709.09
2023-02-26,Товар_A,101.21,154,15586.46
2023-02-27,Товар_A,97.66,166,16212.25
2023-02-28,Товар_A,95.63,187,17882.62
2023-03-01,Товар_A,100.46,225,22604.47
2023-03-02,Товар_A,98.18,241,23661.68
2023-03-03,Товар_A,98.24,272,26720.15
2023-03-04,Товар_A,106.41,280,29796.09
2023-03-05,Товар_A,101.81,275,27996.74
2023-03-06,Товар_A,102.71,307,31531.59
2023-03-07,Товар_A,104.47,295,30817.84
2023-03-08,Товар_A,105.7,312,32979.17
2023-03-09,Товар_A,108.07,319,34475.12
2023-03-10,Товар_A,104.33,321,33489.44
2023-03-11,Товар_A,102.29,341,34882.1
2023-03-12,Товар_A,106.94,325,34756.93
2023-03-13,Товар_A,104.08,285,29664.22
2023-03-14,Товар_A,104.5,298,31141.77
2023-03-15,Товар_A,99.39,258,25643.33
2023-03-16,Товар_A,101.63,265,26932.88
2023-03-17,Товар_A,100.69,241,24266.99
2023-03-18,Товар_A,99.42,207,20580.96
2023-03-19,Товар_A,96.54,202,19500.6
2023-03-20,Товар_A,98.01,208,20385.82
2023-03-21,Товар_A,97.6,147,14346.82
2023-03-22,Товар_A,97.24,138,13419.68
2023-03-23,Товар_A,93.6,162,15163.74
2023-03-24,Товар_A,95.85,155,14857.21
2023-03-25,Товар_A,98.82,154,15218.43
2023-03-26,Товар_A,93.74,143,13404.43
2023-03-27,Товар_A,94.04,142,13353.43
2023-03-28,Товар_A,96.97,167,16193.42
2023-03-29,Товар_A,98.72,188,18558.5
2023-03-30,Товар_A,100.87,203,20477.3
2023-03-31,Товар_A,104.4,219,22863.77
2023-04-01,Товар_A,98.29,254,24964.56
2023-04-02,Товар_A,102.0,250,25501.13
2023-04-03,Товар_A,103.46,283,29279.66
2023-04-04,Товар_A,102.79,312,32071.5
2023-04-05,Товар_A,100.69,308,31011.3
2023-04-06,Товар_A,106.04,327,34676.04
2023-04-07,Товар_A,102.26,346,35383.28
2023-04-08,Товар_A,105.74,350,37010.14
2023-04-09,Товар_A,105.28,335,35268.82
2023-04-10,Товар_A,102.47,345,35351.92
2023-04-11,Товар_A,105.45,341,35959.03
2023-04-12,Товар_A,105.82,341,36085.75
2023-04-13,Товар_A,101.06,289,29207.29
2023-04-14,Товар_A,103.06,299,30815.32
2023-04-15,Товар_A,108.75,280,30448.61
2023-04-16,Товар_A,102.27,261,26692.77
2023-04-17,Товар_A,100.26,246,24664.75
2023-04-18,Товар_A,99.48,208,20692.73
2023-04-19,Товар_A,96.59,183,17675.5
2023-04-20,Товар_A,96.45,172,16589.06
2023-04-21,Товар_A,91.94,203,18662.87
2023-04-22,Товар_A,92.02,170,15643.28
2023-04-23,Товар_A,97.21,149,14483.59
2023-04-24,Товар_A,92.87,158,14673.76
2023-04-25,Товар_A,96.6,151,14587.19
2023-04-26,Товар_A,96.1,159,15280.34
2023-04-27,Товар_A,94.98,184,17476.52
2023-04-28,Товар_A,98.33,231,22713.98
2023-04-29,Товар_A,98.34,187,18389.44
2023-04-30,Товар_A,100.67,228,22951.69
2023-05-01,Товар_A,99.77,248,24743.09
2023-05-02,Товар_A,102.77,288,29598.07
2023-05-03,Товар_A,101.36,283,28686.2
2023-05-04,Товар_A,101.63,313,31810.9
2023-05-05,Товар_A,104.53,362,37838.3
2023-05-06,Товар_A,106.17,330,35034.73
2023-05-07,Товар_A,106.82,389,41553.06
2023-05-08,Товар_A,104.0,340,35361.41
2023-05-09,Товар_A,103.56,382,39558.88
2023-05-10,Товар_A,106.3,366,38907.47
2023-05-11,Товар_A,104.21,337,35119.13
2023-05-12,Товар_A,101.67,291,29585.08
2023-05-13,Товар_A,100.44,320,32141.88
2023-05-14,Товар_A,99.17,331,32826.4
2023-05-15,Товар_A,101.3,281,28465.59
2023-05-16,Товар_A,97.13,289,28070.07
2023-05-17,Товар_A,98.98,264,26130.96
2023-05-18,Товар_A,98.89,213,21063.68
2023-05-19,Товар_A,95.86,213,20418.32
2023-05-20,Товар_A,95.51,196,18720.68
2023-05-21,Товар_A,96.99,185,17943.91
2023-05-22,Товар_A,92.77,199,18461.05
2023-05-23,Товар_A,91.12,203,18498.01
2023-05-24,Товар_A,96.2,169,16258.48
2023-05-25,Товар_A,94.0,181,17013.88
2023-05-26,Товар_A,94.68,182,17232.46
2023-05-27,Товар_A,97.98,189,18518.88
2023-05-28,Товар_A,95.68,220,21048.56
2023-05-29,Товар_A,98.58,246,24250.91
2023-05-30,Товар_A,100.22,265,26558.22
2023-05-31,Товар_A,98.88,262,25906.47
2023-06-01,Товар_A,102.26,307,31393.91
2023-06-02,Товар_A,102.27,316,32316.79
2023-06-03,Товар_A,101.76,354,36021.55
2023-06-04,Товар_A,103.31,359,37088.77
2023-06-05,Товар_A,106.53,360,38349.97
2023-06-06,Товар_A,106.38,385,40957.19
2023-06-07,Товар_A,105.01,397,41690.8
2023-06-08,Товар_A,104.35,388,40488.61
2023-06-09,Товар_A,104.49,379,39603.6
2023-06-10,Товар_A,105.52,368,38831.52
2023-06-11,Товар_A,107.9,342,36901.97
2023-06-12,Товар_A,100.51,324,32565.42
2023-06-13,Товар_A,103.62,339,35126.17
2023-06-14,Товар_A,102.3,312,31916.43
2023-06-15,Товар_A,98.21,282,27693.95
2023-06-16,Товар_A,97.61,263,25670.41
2023-06-17,Товар_A,97.67,257,25101.76
2023-06-18,Товар_A,96.42,212,20440.68
2023-06-19,Товар_A,95.16,216,20553.87
2023-06-20,Товар_A,96.16,186,17885.25
2023-06-21,Товар_A,94.23,194,18280.78
2023-06-22,Товар_A,95.49,179,17092.98
2023-06-23,Товар_A,92.21,165,15215.06
2023-06-24,Товар_A,94.82,181,17162.03
2023-06-25,Товар_A,98.62,205,20217.22
2023-06-26,Товар_A,95.96,226,21687.95
2023-06-27,Товар_A,95.06,229,21767.83
2023-06-28,Товар_A,97.39,248,24152.47
2023-06-29,Товар_A,97.31,273,26564.53
2023-06-30,Товар_A,103.07,297,30610.45
2023-07-01,Товар_A,101.84,309,31469.48
2023-07-02,Товар_A,101.23,342,34621.08
2023-07-03,Товар_A,102.96,353,36346.33
2023-07-04,Товар_A,102.17,367,37496.28
2023-07-05,Товар_A,105.33,379,39918.6
2023-07-06,Товар_A,106.67,409,43629.59
2023-07-07,Товар_A,103.44,425,43961.11
2023-07-08,Товар_A,105.34,406,42767.75
2023-07-09,Товар_A,103.14,422,43524.53
2023-07-10,Товар_A,103.13,369,38055.47
2023-07-11,Товар_A,102.66,337,34597.84
2023-07-12,Товар_A,103.24,343,35411.22
2023-07-13,Товар_A,105.79,342,36178.82
2023-07-14,Товар_A,99.89,332,33162.07
2023-07-15,Товар_A,100.98,284,28679.41
2023-07-16,Товар_A,102.62,257,26374.2
2023-07-17,Товар_A,97.03,275,26682.69
2023-07-18,Товар_A,99.77,214,21350.53
2023-07-19,Товар_A,98.76,223,22023.46
2023-07-20,Товар_A,94.47,189,17855.04
2023-07-21,Товар_A,95.34,205,19544.43
2023-07-22,Товар_A,96.27,194,18676.98
2023-07-23,Товар_A,94.74,186,17622.13
2023-07-24,Товар_A,96.27,208,20024.91
2023-07-25,Товар_A,93.42,226,21113.05
2023-07-26,Товар_A,98.84,205,20262.12
2023-07-27,Товар_A,95.56,249,23795.46
2023-07-28,Товар_A,98.2,286,28084.53
2023-07-29,Товар_A,99.1,301,29827.74
2023-07-30,Товар_A,103.51,335,34676.08
2023-07-31,Товар_A,102.98,322,33160.43
2023-08-01,Товар_A,104.77,356,37298.46
2023-08-02,Товар_A,104.31,350,36508.86
2023-08-03,Товар_A,100.2,397,39778.7
2023-08-04,Товар_A,100.25,376,37694.63
2023-08-05,Товар_A,106.19,399,42369.96
2023-08-06,Товар_A,105.12,430,45201.94
2023-08-07,Товар_A,102.21,432,44155.76
2023-08-08,Товар_A,104.64,379,39660.15
2023-08-09,Товар_A,104.26,402,41914.42
2023-08-10,Товар_A,103.54,353,36548.73
2023-08-11,Товар_A,104.28,350,36497.39
2023-08-12,Товар_A,100.15,357,35754.95
2023-08-13,Товар_A,98.92,325,32149.37
2023-08-14,Товар_A,101.91,311,31694.1
2023-08-15,Товар_A,99.97,277,27691.28
2023-08-16,Товар_A,96.38,264,25444.47
2023-08-17,Товар_A,94.99,253,24032.62
2023-08-18,Товар_A,93.89,231,21688.25
2023-08-19,Товар_A,95.74,257,24605.28
2023-08-20,Товар_A,95.67,209,19995.59
2023-08-21,Товар_A,94.59,214,20241.29
2023-08-22,Товар_A,96.54,226,21818.58
2023-08-23,Товар_A,94.09,213,20041.83
2023-08-24,Товар_A,91.07,226,20580.92
2023-08-25,Товар_A,99.02,220,21783.97
2023-08-26,Товар_A,96.56,284,27423.89
2023-08-27,Товар_A,98.59,286,28196.4
2023-08-28,Товар_A,101.2,344,34812.66
2023-08-29,Товар_A,98.09,318,31192.28
2023-08-30,Товар_A,101.45,317,32158.54
2023-08-31,Товар_A,99.19,350,34716.21
2023-09-01,Товар_A,100.78,370,37287.06
2023-09-02,Товар_A,105.48,421,44406.66
2023-09-03,Товар_A,107.29,408,43774.33
2023-09-04,Товар_A,103.03,419,43170.71
2023-09-05,Товар_A,106.05,445,47192.44
2023-09-06,Товар_A,104.59,407,42568.92
2023-09-07,Товар_A,101.99,406,41407.81
2023-09-08,Товар_A,108.15,425,45963.31
2023-09-09,Товар_A,104.84,378,39630.15
2023-09-10,Товар_A,101.96,375,38236.75
2023-09-11,Товар_A,100.31,358,35909.44
2023-09-12,Товар_A,99.38,348,34583.43
2023-09-13,Товар_A,99.9,331,33066.74
2023-09-14,Товар_A,97.15,303,29435.03
2023-09-15,Товар_A,99.48,279,27754.11
2023-09-16,Товар_A,95.11,277,26344.35
2023-09-17,Товар_A,97.79,256,25033.48
2023-09-18,Товар_A,96.76,218,21092.94
2023-09-19,Товар_A,96.39,225,21686.83
2023-09-20,Товар_A,91.42,220,20111.88
2023-09-21,Товар_A,95.12,207,19690.58
2023-09-22,Товар_A,93.44,240,22424.66
2023-09-23,Товар_A,92.35,255,23548.44
2023-09-24,Товар_A,93.86,257,24122.6
2023-09-25,Товар_A,97.16,264,25649.15
2023-09-26,Товар_A,97.2,280,27215.22
2023-09-27,Товар_A,97.81,328,32080.58
2023-09-28,Товар_A,97.74,347,33915.98
2023-09-29,Товар_A,103.92,364,37827.86
2023-09-30,Товар_A,100.44,339,34049.12
2023-10-01,Товар_A,102.53,403,41320.73
2023-10-02,Товар_A,102.51,416,42643.23
2023-10-03,Товар_A,104.02,425,44207.98
2023-10-04,Товар_A,105.26,450,47368.86
2023-10-05,Товар_A,104.15,443,46137.94
2023-10-06,Товар_A,104.11,431,44870.33
2023-10-07,Товар_A,103.91,440,45721.86
2023-10-08,Товар_A,108.48,430,46646.8
2023-10-09,Товар_A,103.06,427,44008.19
2023-10-10,Товар_A,102.12,417,42585.2
2023-10-11,Товар_A,100.02,351,35106.15
2023-10-12,Товар_A,100.34,334,33512.4
2023-10-13,Товар_A,103.35,342,35346.68
2023-10-14,Товар_A,98.52,327,32216.77
2023-10-15,Товар_A,93.54,315,29466.37
2023-10-16,Товар_A,98.6,288,28397.61
2023-10-17,Товар_A,98.57,248,24445.8
2023-10-18,Товар_A,94.84,263,24942.74
2023-10-19,Товар_A,99.79,259,25844.6
2023-10-20,Товар_A,95.52,249,23785.43
2023-10-21,Товар_A,93.33,240,22398.65
2023-10-22,Товар_A,93.53,264,24692.59
2023-10-23,Товар_A,94.71,261,24720.5
2023-10-24,Товар_A,96.95,280,27146.45
2023-10-25,Товар_A,96.04,305,29292.52
2023-10-26,Товар_A,96.01,304,29186.67
2023-10-27,Товар_A,99.72,322,32108.24
2023-10-28,Товар_A,98.16,361,35434.2
2023-10-29,Товар_A,103.75,384,39840.32
2023-10-30,Товар_A,105.79,397,41997.55
2023-10-31,Товар_A,100.45,398,39978.95
2023-11-01,Товар_A,106.71,399,42576.42
2023-11-02,Товар_A,104.22,448,46690.09
2023-11-03,Товар_A,102.5,452,46331.95
2023-11-04,Товар_A,105.23,489,51457.98
2023-11-05,Товар_A,106.42,455,48422.98
2023-11-06,Товар_A,105.2,456,47972.59
2023-11-07,Товар_A,105.27,429,45162.14
2023-11-08,Товар_A,106.41,458,48734.21
2023-11-09,Товар_A,101.92,438,44639.42
2023-11-10,Товар_A,101.78,382,38880.77
2023-11-11,Товар_A,103.23,378,39020.16
2023-11-12,Товар_A,103.06,332,34215.62
2023-11-13,Товар_A,98.11,334,32767.63
2023-11-14,Товар_A,94.66,302,28586.29
2023-11-15,Товар_A,97.21,312,30328.81
2023-11-16,Товар_A,93.69,265,24828.94
2023-11-17,Товар_A,99.01,268,26534.12
2023-11-18,Товар_A,92.24,261,24074.23
2023-11-19,Товар_A,94.48,257,24281.86
2023-11-20,Товар_A,94.92,221,20977.05
2023-11-21,Товар_A,96.64,263,25415.57
2023-11-22,Товар_A,97.92,303,29670.67
2023-11-23,Товар_A,94.07,284,26716.23
2023-11-24,Товар_A,97.18,343,33332.57
2023-11-25,Товар_A,97.92,323,31627.54
2023-11-26,Товар_A,98.67,346,34140.42
2023-11-27,Товар_A,98.91,356,35210.64
2023-11-28,Товар_A,99.95,385,38481.79
2023-11-29,Товар_A,102.25,395,40387.38
2023-11-30,Товар_A,105.95,421,44603.65
2023-12-01,Товар_A,105.9,401,42465.39
2023-12-02,Товар_A,100.18,472,47286.54
2023-12-03,Товар_A,104.01,457,47533.67
2023-12-04,Товар_A,103.42,446,46123.97
2023-12-05,Товар_A,108.48,451,48923.19
2023-12-06,Товар_A,107.3,478,51288.63
2023-12-07,Товар_A,102.07,467,47667.63
2023-12-08,Товар_A,104.69,436,45646.79
2023-12-09,Товар_A,104.36,411,42893.98
2023-12-10,Товар_A,101.28,408,41323.89
2023-12-11,Товар_A,101.93,403,41077.02
2023-12-12,Товар_A,102.32,367,37550.95
2023-12-13,Товар_A,100.19,335,33564.42
2023-12-14,Товар_A,97.35,341,33195.4
2023-12-15,Товар_A,94.56,320,30258.83
2023-12-16,Товар_A,95.91,314,30117.14
2023-12-17,Товар_A,97.77,280,27375.01
2023-12-18,Товар_A,92.43,269,24863.08
2023-12-19,Товар_A,96.24,253,24348.57
2023-12-20,Товар_A,98.54,257,25324.0
2023-12-21,Товар_A,98.64,250,24659.41
2023-12-22,Товар_A,95.48,294,28070.08
2023-12-23,Товар_A,97.08,295,28639.35
2023-12-24,Товар_A,99.27,319,31666.39
2023-12-25,Товар_A,98.27,340,33410.75
2023-12-26,Товар_A,98.85,353,34892.83
2023-12-27,Товар_A,96.58,384,37086.59
2023-12-28,Товар_A,102.53,381,39062.44
2023-12-29,Товар_A,101.67,424,43106.26
2023-12-30,Товар_A,103.63,440,45599.0
2023-12-31,Товар_A,102.16,448,45767.28
2024-01-01,Товар_A,102.37,472,48320.24
2024-01-02,Товар_A,101.35,484,49053.46
2024-01-03,Товар_A,105.92,498,52747.07
2024-01-04,Товар_A,106.94,487,52078.8
2024-01-05,Товар_A,106.78,504,53819.15
2024-01-06,Товар_A,101.77,443,45084.54
2024-01-07,Товар_A,103.77,450,46695.56
2024-01-08,Товар_A,101.49,452,45872.32
2024-01-09,Товар_A,100.52,429,43124.33
2024-01-10,Товар_A,98.23,398,39094.04
2024-01-11,Товар_A,97.3,373,36291.64
2024-01-12,Товар_A,101.07,352,35575.84
2024-01-13,Товар_A,103.23,333,34375.95
2024-01-14,Товар_A,97.43,337,32834.16
2024-01-15,Товар_A,97.68,302,29500.84
2024-01-16,Товар_A,95.91,294,28198.68
2024-01-17,Товар_A,95.05,333,31652.52
2024-01-18,Товар_A,93.62,308,28835.28
2024-01-19,Товар_A,98.57,291,28683.58
2024-01-20,Товар_A,98.87,287,28375.58
2024-01-21,Товар_A,94.54,316,29876.2
2024-01-22,Товар_A,98.23,328,32219.24
2024-01-23,Товар_A,93.92,344,32308.69
2024-01-24,Товар_A,97.47,342,33335.18
2024-01-25,Товар_A,100.2,372,37275.06
2024-01-26,Товар_A,97.33,397,38639.74
2024-01-27,Товар_A,102.26,421,43051.77
2024-01-28,Товар_A,104.2,445,46366.88
2024-01-29,Товар_A,103.86,467,48501.35
2024-01-30,Товар_A,100.39,470,47185.09
2024-01-31,Товар_A,104.75,490,51325.3
2024-02-01,Товар_A,102.2,497,50794.29
2024-02-02,Товар_A,107.08,481,51504.96
2024-02-03,Товар_A,106.34,497,52848.8
2024-02-04,Товар_A,104.81,495,51883.32
2024-02-05,Товар_A,103.3,500,51649.02
2024-02-06,Товар_A,102.79,476,48928.6
2024-02-07,Товар_A,102.32,453,46351.22
2024-02-08,Товар_A,101.08,445,44978.9
2024-02-09,Товар_A,99.25,441,43769.4
2024-02-10,Товар_A,99.12,399,39549.09
2024-02-11,Товар_A,99.35,403,40039.48
2024-02-12,Товар_A,95.0,378,35908.18
2024-02-13,Товар_A,98.84,349,34495.28
2024-02-14,Товар_A,98.42,331,32575.44
2024-02-15,Товар_A,98.49,310,30531.46
2024-02-16,Товар_A,94.52,344,32514.55
2024-02-17,Товар_A,97.93,299,29282.31
2024-02-18,Товар_A,93.98,330,31013.95
2024-02-19,Товар_A,94.68,305,28877.75
2024-02-20,Товар_A,93.83,300,28149.77
2024-02-21,Товар_A,94.75,318,30130.08
2024-02-22,Товар_A,97.53,349,34037.8
2024-02-23,Товар_A,95.97,391,37524.12
2024-02-24,Товар_A,98.53,403,39708.58
2024-02-25,Товар_A,101.35,409,41452.0
2024-02-26,Товар_A,101.8,414,42147.01
2024-02-27,Товар_A,103.02,454,46770.44
2024-02-28,Товар_A,107.85,474,51120.68
2024-02-29,Товар_A,102.65,476,48863.18
2024-03-01,Товар_A,103.22,489,50474.18
2024-03-02,Товар_A,107.13,498,53352.39
2024-03-03,Товар_A,103.83,534,55445.82
2024-03-04,Товар_A,105.92,500,52957.72
2024-03-05,Товар_A,106.02,501,53116.59
2024-03-06,Товар_A,101.3,504,51054.51
2024-03-07,Товар_A,107.31,513,55048.74
2024-03-08,Товар_A,102.16,465,47506.04
2024-03-09,Товар_A,102.7,461,47345.9
2024-03-10,Товар_A,105.06,447,46961.81
2024-03-11,Товар_A,98.4,414,40739.01
2024-03-12,Товар_A,97.5,376,36659.47
2024-03-13,Товар_A,101.56,377,38286.4
2024-03-14,Товар_A,97.51,352,34323.04
2024-03-15,Товар_A,98.66,344,33939.41
2024-03-16,Товар_A,94.61,371,35099.62
2024-03-17,Товар_A,97.33,318,30951.91
2024-03-18,Товар_A,98.72,331,32676.59
2024-03-19,Товар_A,94.31,330,31121.91
2024-03-20,Товар_A,97.46,335,32649.81
2024-03-21,Товар_A,96.68,348,33646.18
2024-03-22,Товар_A,98.62,364,35898.72
2024-03-23,Товар_A,98.36,385,37868.02
2024-03-24,Товар_A,98.26,380,37338.7
2024-03-25,Товар_A,97.33,421,40974.49
2024-03-26,Товар_A,99.21,430,42661.73
2024-03-27,Товар_A,103.6,446,46204.02
2024-03-28,Товар_A,102.13,469,47897.35
2024-03-29,Товар_A,104.43,464,48456.19
2024-03-30,Товар_A,108.04,510,55101.54
2024-03-31,Товар_A,104.77,509,53327.13
2024-04-01,Товар_A,107.91,526,56760.76
2024-04-02,Товар_A,105.53,526,55509.12
2024-04-03,Товар_A,105.35,537,56570.71
2024-04-04,Товар_A,105.14,517,54359.17
2024-04-05,Товар_A,102.28,532,54411.42
2024-04-06,Товар_A,102.32,506,51771.63
2024-04-07,Товар_A,99.89,507,50645.52
2024-04-08,Товар_A,102.79,463,47590.89
2024-04-09,Товар_A,100.91,476,48032.24
2024-04-10,Товар_A,103.76,424,43995.22
2024-04-11,Товар_A,94.56,390,36879.5
2024-04-12,Товар_A,96.96,399,38687.92
2024-04-13,Товар_A,98.48,359,35353.53
2024-04-14,Товар_A,95.16,363,34541.67
2024-04-15,Товар_A,97.41,329,32049.47
2024-04-16,Товар_A,95.05,350,33266.23
2024-04-17,Товар_A,92.89,364,33810.95
2024-04-18,Товар_A,93.64,314,29404.08
2024-04-19,Товар_A,95.73,341,32644.41
2024-04-20,Товар_A,96.37,347,33441.77
2024-04-21,Товар_A,99.17,344,34115.1
2024-04-22,Товар_A,99.3,378,37533.76
2024-04-23,Товар_A,98.88,403,39848.57
2024-04-24,Товар_A,99.86,427,42638.45
2024-04-25,Товар_A,102.66,449,46093.58
2024-04-26,Товар_A,102.46,464,47540.31
2024-04-27,Товар_A,104.91,480,50358.68
2024-04-28,Товар_A,106.54,490,52205.0
2024-04-29,Товар_A,100.85,515,51939.9
2024-04-30,Товар_A,102.97,531,54676.02
2024-05-01,Товар_A,103.45,550,56897.52
2024-05-02,Товар_A,101.19,536,54239.73
2024-05-03,Товар_A,100.12,536,53666.92
2024-05-04,Товар_A,106.28,515,54732.2
2024-05-05,Товар_A,105.18,543,57113.31
2024-05-06,Товар_A,103.62,505,52328.25
2024-05-07,Товар_A,100.62,504,50713.59
2024-05-08,Товар_A,103.79,509,52828.3
2024-05-09,Товар_A,101.09,464,46907.31
2024-05-10,Товар_A,95.92,450,43162.44
2024-05-11,Товар_A,97.6,423,41283.31
2024-05-12,Товар_A,97.4,392,38182.41
2024-05-13,Товар_A,98.34,417,41008.93
2024-05-14,Товар_A,97.43,366,35659.18
2023-01-01,Товар_B,151.85,170,25814.38
2023-01-02,Товар_B,149.75,172,25756.26
2023-01-03,Товар_B,152.82,202,30869.77
2023-01-04,Товар_B,154.21,223,34388.67
2023-01-05,Товар_B,152.65,242,36940.15
2023-01-06,Товар_B,154.73,258,39919.13
2023-01-07,Товар_B,153.38,279,42792.16
2023-01-08,Товар_B,155.37,278,43192.42
2023-01-09,Товар_B,154.0,243,37423.18
2023-01-10,Товар_B,155.6,244,37967.28
2023-01-11,Товар_B,153.18,249,38142.5
2023-01-12,Товар_B,158.0,229,36182.06
2023-01-13,Товар_B,153.81,240,36914.78
2023-01-14,Товар_B,152.27,197,29997.93
2023-01-15,Товар_B,148.99,186,27712.88
2023-01-16,Товар_B,146.66,153,22439.41
2023-01-17,Товар_B,150.25,143,21486.44
2023-01-18,Товар_B,151.11,110,16622.57
2023-01-19,Товар_B,144.13,81,11674.72
2023-01-20,Товар_B,148.38,88,13057.31
2023-01-21,Товар_B,144.75,98,14185.71
2023-01-22,Товар_B,145.17,81,11758.58
2023-01-23,Товар_B,146.79,58,8514.09
2023-01-24,Товар_B,141.87,71,10073.1
2023-01-25,Товар_B,148.0,89,13172.44
2023-01-26,Товар_B,146.46,66,9666.46
2023-01-27,Товар_B,146.81,96,14093.34
2023-01-28,Товар_B,145.72,96,13988.91
2023-01-29,Товар_B,150.31,122,18338.04
2023-01-30,Товар_B,148.22,151,22381.1
2023-01-31,Товар_B,144.3,176,25397.31
2023-02-01,Товар_B,147.56,203,29954.71
2023-02-02,Товар_B,149.79,201,30108.66
2023-02-03,Товар_B,155.26,205,31828.42
2023-02-04,Товар_B,154.41,234,36131.64
2023-02-05,Товар_B,155.28,253,39286.9
2023-02-06,Товар_B,152.19,264,40177.97
2023-02-07,Товар_B,153.99,282,43423.8
2023-02-08,Товар_B,154.12,245,37758.51
2023-02-09,Товар_B,156.46,287,44902.79
2023-02-10,Товар_B,153.63,251,38561.53
2023-02-11,Товар_B,157.87,239,37730.74
2023-02-12,Товар_B,153.8,235,36142.77
2023-02-13,Товар_B,152.51,227,34620.06
2023-02-14,Товар_B,150.65,188,28321.61
2023-02-15,Товар_B,149.93,171,25637.27
2023-02-16,Товар_B,149.06,163,24297.49
2023-02-17,Товар_B,147.8,143,21136.1
2023-02-18,Товар_B,143.06,116,16595.5
2023-02-19,Товар_B,146.98,113,16608.43
2023-02-20,Товар_B,139.88,103,14407.37
2023-02-21,Товар_B,144.97,111,16091.17
2023-02-22,Товар_B,142.95,93,13294.12
2023-02-23,Товар_B,142.92,86,12291.17
2023-02-24,Товар_B,149.07,72,10733.24
2023-02-25,Товар_B,146.1,88,12857.22
2023-02-26,Товар_B,147.28,116,17083.97
2023-02-27,Товар_B,147.79,121,17882.71
2023-02-28,Товар_B,147.85,174,25726.09
2023-03-01,Товар_B,151.06,161,24320.94
2023-03-02,Товар_B,152.37,196,29865.32
2023-03-03,Товар_B,148.75,210,31238.25
2023-03-04,Товар_B,149.74,246,36836.28
2023-03-05,Товар_B,151.43,244,36949.01
2023-03-06,Товар_B,154.37,255,39365.18
2023-03-07,Товар_B,155.17,273,42362.49
2023-03-08,Товар_B,155.66,302,47010.03
2023-03-09,Товар_B,156.9,279,43775.32
2023-03-10,Товар_B,152.52,301,45907.74
2023-03-11,Товар_B,156.16,288,44973.4
2023-03-12,Товар_B,157.08,267,41940.77
2023-03-13,Товар_B,153.97,257,39569.49
2023-03-14,Товар_B,152.97,242,37018.76
2023-03-15,Товар_B,149.15,210,31322.25
2023-03-16,Товар_B,149.35,231,34498.84
2023-03-17,Товар_B,145.69,172,25059.23
2023-03-18,Товар_B,146.31,157,22971.34
2023-03-19,Товар_B,149.99,172,25797.58
2023-03-20,Товар_B,151.57,119,18036.35
2023-03-21,Товар_B,145.63,129,18786.87
2023-03-22,Товар_B,150.25,65,9766.36
2023-03-23,Товар_B,141.95,74,10504.59
2023-03-24,Товар_B,149.91,106,15890.13
2023-03-25,Товар_B,146.16,112,16369.38
2023-03-26,Товар_B,146.95,105,15429.91
2023-03-27,Товар_B,146.23,117,17109.17
2023-03-28,Товар_B,146.16,120,17539.09
2023-03-29,Товар_B,146.5,123,18019.47
2023-03-30,Товар_B,147.77,127,18766.74
2023-03-31,Товар_B,146.75,158,23187.02
2023-04-01,Товар_B,152.78,197,30098.45
2023-04-02,Товар_B,147.9,230,34016.67
2023-04-03,Товар_B,153.92,221,34015.26
2023-04-04,Товар_B,152.49,240,36597.52
2023-04-05,Товар_B,151.78,279,42346.35
2023-04-06,Товар_B,151.66,285,43223.69
2023-04-07,Товар_B,155.39,284,44132.14
2023-04-08,Товар_B,155.85,274,42703.88
2023-04-09,Товар_B,156.08,298,46511.12
2023-04-10,Товар_B,157.48,297,46772.62
2023-04-11,Товар_B,153.47,288,44199.74
2023-04-12,Товар_B,154.8,276,42725.44
2023-04-13,Товар_B,153.02,260,39785.23
2023-04-14,Товар_B,150.71,231,34813.52
2023-04-15,Товар_B,154.54,201,31062.28
2023-04-16,Товар_B,148.61,183,27196.4
2023-04-17,Товар_B,150.75,171,25778.3
2023-04-18,Товар_B,150.46,158,23772.96
2023-04-19,Товар_B,147.62,135,19928.57
2023-04-20,Товар_B,150.57,117,17617.23
2023-04-21,Товар_B,146.29,100,14628.95
2023-04-22,Товар_B,146.07,119,17382.61
2023-04-23,Товар_B,144.77,103,14911.08
2023-04-24,Товар_B,144.73,107,15486.47
2023-04-25,Товар_B,149.67,126,18857.89
2023-04-26,Товар_B,142.93,112,16008.19
2023-04-27,Товар_B,151.44,132,19990.57
2023-04-28,Товар_B,150.34,137,20596.49
2023-04-29,Товар_B,146.86,193,28343.81
2023-04-30,Товар_B,152.22,197,29986.8
2023-05-01,Товар_B,149.59,204,30516.94
2023-05-02,Товар_B,149.01,222,33080.23
2023-05-03,Товар_B,149.59,241,36050.18
2023-05-04,Товар_B,151.4,270,40877.72
2023-05-05,Товар_B,150.6,289,43524.54
2023-05-06,Товар_B,156.0,304,47423.14
2023-05-07,Товар_B,155.5,278,43229.94
2023-05-08,Товар_B,152.55,331,50495.15
2023-05-09,Товар_B,155.81,338,52664.0
2023-05-10,Товар_B,154.64,299,46238.48
2023-05-11,Товар_B,154.48,309,47734.98
2023-05-12,Товар_B,151.87,297,45106.69
2023-05-13,Товар_B,150.11,277,41580.88
2023-05-14,Товар_B,150.23,255,38307.6
2023-05-15,Товар_B,153.51,226,34693.65
2023-05-16,Товар_B,151.22,233,35233.86
2023-05-17,Товар_B,148.33,180,26698.97
2023-05-18,Товар_B,148.25,196,29056.95
2023-05-19,Товар_B,147.85,195,28830.3
2023-05-20,Товар_B,145.67,148,21558.57
2023-05-21,Товар_B,145.36,135,19624.27
2023-05-22,Товар_B,147.16,136,20013.5
2023-05-23,Товар_B,142.36,109,15517.78
2023-05-24,Товар_B,146.04,94,13728.08
2023-05-25,Товар_B,140.94,110,15503.28
2023-05-26,Товар_B,150.66,141,21242.48
2023-05-27,Товар_B,147.96,148,21898.27
2023-05-28,Товар_B,146.86,165,24232.44
2023-05-29,Товар_B,147.39,197,29035.0
2023-05-30,Товар_B,149.6,207,30967.99
2023-05-31,Товар_B,151.98,214,32524.59
2023-06-01,Товар_B,149.53,243,36335.32
2023-06-02,Товар_B,150.24,274,41164.87
2023-06-03,Товар_B,152.92,285,43582.4
2023-06-04,Товар_B,154.67,317,49028.84
2023-06-05,Товар_B,155.97,313,48817.25
2023-06-06,Товар_B,155.87,343,53463.72
2023-06-07,Товар_B,152.35,328,49970.45
2023-06-08,Товар_B,154.36,312,48160.99
2023-06-09,Товар_B,154.38,315,48630.12
2023-06-10,Товар_B,155.39,317,49258.48
2023-06-11,Товар_B,154.69,303,46870.68
2023-06-12,Товар_B,148.99,290,43206.52
2023-06-13,Товар_B,151.75,258,39150.34
2023-06-14,Товар_B,152.24,234,35624.02
2023-06-15,Товар_B,152.44,255,38871.57
2023-06-16,Товар_B,151.94,209,31755.86
2023-06-17,Товар_B,147.29,195,28721.97
2023-06-18,Товар_B,146.46,166,24311.72
2023-06-19,Товар_B,146.63,154,22580.27
2023-06-20,Товар_B,145.68,150,21851.39
2023-06-21,Товар_B,147.63,146,21553.4
2023-06-22,Товар_B,142.06,150,21308.64
2023-06-23,Товар_B,146.9,98,14395.81
2023-06-24,Товар_B,144.8,121,17520.22
2023-06-25,Товар_B,142.07,133,18894.77
2023-06-26,Товар_B,147.8,171,25274.24
2023-06-27,Товар_B,141.88,171,24261.31
2023-06-28,Товар_B,148.75,190,28262.49
2023-06-29,Товар_B,149.33,196,29268.12
2023-06-30,Товар_B,151.16,239,36126.9
2023-07-01,Товар_B,149.09,263,39211.57
2023-07-02,Товар_B,151.72,299,45363.27
2023-07-03,Товар_B,151.07,299,45170.64
2023-07-04,Товар_B,151.95,309,46951.35
2023-07-05,Товар_B,157.75,326,51427.66
2023-07-06,Товар_B,151.53,317,48034.43
2023-07-07,Товар_B,154.55,365,56412.2
2023-07-08,Товар_B,157.05,333,52298.46
2023-07-09,Товар_B,158.41,330,52274.41
2023-07-10,Товар_B,153.35,341,52293.82
2023-07-11,Товар_B,152.5,352,53681.51
2023-07-12,Товар_B,153.54,315,48364.32
2023-07-13,Товар_B,155.16,306,47477.95
2023-07-14,Товар_B,149.53,268,40074.77
2023-07-15,Товар_B,148.64,254,37755.72
2023-07-16,Товар_B,149.23,257,38353.01
2023-07-17,Товар_B,148.34,202,29963.81
2023-07-18,Товар_B,145.12,170,24670.03
2023-07-19,Товар_B,144.97,193,27979.3
2023-07-20,Товар_B,146.74,147,21571.25
2023-07-21,Товар_B,146.68,173,25376.09
2023-07-22,Товар_B,143.51,166,23823.29
2023-07-23,Товар_B,148.03,130,19243.91
2023-07-24,Товар_B,144.74,152,22000.94
2023-07-25,Товар_B,146.78,185,27154.73
2023-07-26,Товар_B,150.61,185,27863.64
2023-07-27,Товар_B,148.92,185,27549.6
2023-07-28,Товар_B,148.5,214,31779.75
2023-07-29,Товар_B,149.98,256,38393.88
2023-07-30,Товар_B,152.15,263,40014.14
2023-07-31,Товар_B,149.36,270,40327.51
2023-08-01,Товар_B,148.1,281,41616.37
2023-08-02,Товар_B,150.73,346,52153.45
2023-08-03,Товар_B,153.16,327,50084.01
2023-08-04,Товар_B,155.96,348,54274.64
2023-08-05,Товар_B,153.59,366,56213.62
2023-08-06,Товар_B,155.54,355,55215.91
2023-08-07,Товар_B,158.19,354,55998.3
2023-08-08,Товар_B,156.23,361,56397.24
2023-08-09,Товар_B,156.68,356,55777.04
2023-08-10,Товар_B,151.12,337,50928.13
2023-08-11,Товар_B,151.64,325,49281.77
2023-08-12,Товар_B,153.21,294,45042.68
2023-08-13,Товар_B,151.08,301,45475.71
2023-08-14,Товар_B,153.4,267,40958.98
2023-08-15,Товар_B,154.16,245,37770.13
2023-08-16,Товар_B,144.44,231,33366.75
2023-08-17,Товар_B,147.82,216,31929.85
2023-08-18,Товар_B,147.63,209,30854.8
2023-08-19,Товар_B,143.22,176,25206.94
2023-08-20,Товар_B,143.54,167,23971.79
2023-08-21,Товар_B,146.2,157,22954.11
2023-08-22,Товар_B,145.82,192,27996.81
2023-08-23,Товар_B,146.13,153,22358.49
2023-08-24,Товар_B,144.45,198,28601.16
2023-08-25,Товар_B,146.31,191,27945.91
2023-08-26,Товар_B,148.36,197,29226.45
2023-08-27,Товар_B,148.81,226,33630.02
2023-08-28,Товар_B,148.09,235,34800.1
2023-08-29,Товар_B,149.25,280,41791.21
2023-08-30,Товар_B,150.24,317,47626.17
2023-08-31,Товар_B,153.9,315,48478.14
2023-09-01,Товар_B,149.42,309,46169.95
2023-09-02,Товар_B,156.24,323,50465.81
2023-09-03,Товар_B,159.45,350,55806.28
2023-09-04,Товар_B,155.12,359,55689.65
2023-09-05,Товар_B,158.98,396,62957.98
2023-09-06,Товар_B,157.39,404,63585.29
2023-09-07,Товар_B,155.94,384,59881.09
2023-09-08,Товар_B,153.23,373,57153.95
2023-09-09,Товар_B,153.71,337,51799.92
2023-09-10,Товар_B,152.03,332,50474.78
2023-09-11,Товар_B,153.94,327,50339.78
2023-09-12,Товар_B,153.99,299,46044.39
2023-09-13,Товар_B,149.61,260,38899.3
2023-09-14,Товар_B,145.23,246,35725.93
2023-09-15,Товар_B,147.72,236,34862.59
2023-09-16,Товар_B,148.32,242,35894.09
2023-09-17,Товар_B,149.99,189,28348.58
2023-09-18,Товар_B,146.83,211,30981.99
2023-09-19,Товар_B,143.33,181,25941.98
2023-09-20,Товар_B,147.2,175,25760.86
2023-09-21,Товар_B,148.11,210,31103.91
2023-09-22,Товар_B,143.01,179,25597.98
2023-09-23,Товар_B,142.13,198,28142.33
2023-09-24,Товар_B,145.99,213,31095.67
2023-09-25,Товар_B,143.87,217,31220.15
2023-09-26,Товар_B,146.9,251,36872.13
2023-09-27,Товар_B,143.22,246,35231.12
2023-09-28,Товар_B,153.54,284,43606.64
2023-09-29,Товар_B,150.13,331,49691.5
2023-09-30,Товар_B,152.97,317,48491.88
2023-10-01,Товар_B,153.54,330,50669.03
2023-10-02,Товар_B,156.17,372,58095.09
2023-10-03,Товар_B,153.92,372,57259.27
2023-10-04,Товар_B,153.1,369,56494.46
2023-10-05,Товар_B,155.71,384,59791.62
2023-10-06,Товар_B,153.37,402,61653.23
2023-10-07,Товар_B,154.21,406,62610.49
2023-10-08,Товар_B,152.84,376,57466.22
2023-10-09,Товар_B,155.48,328,50998.69
2023-10-10,Товар_B,152.38,360,54855.46
2023-10-11,Товар_B,153.07,333,50970.83
2023-10-12,Товар_B,149.98,289,43344.64
2023-10-13,Товар_B,147.49,304,44837.39
2023-10-14,Товар_B,146.25,276,40364.25
2023-10-15,Товар_B,147.9,259,38304.81
2023-10-16,Товар_B,149.39,210,31372.02
2023-10-17,Товар_B,144.66,209,30234.73
2023-10-18,Товар_B,147.97,211,31221.07
2023-10-19,Товар_B,145.37,185,26893.09
2023-10-20,Товар_B,146.41,202,29575.55
2023-10-21,Товар_B,144.29,199,28714.37
2023-10-22,Товар_B,145.42,189,27483.81
2023-10-23,Товар_B,139.83,194,27126.47
2023-10-24,Товар_B,148.09,230,34061.19
2023-10-25,Товар_B,145.04,204,29588.49
2023-10-26,Товар_B,152.08,267,40605.71
2023-10-27,Товар_B,147.5,279,41153.74
2023-10-28,Товар_B,152.75,297,45366.68
2023-10-29,Товар_B,149.44,311,46476.21
2023-10-30,Товар_B,150.13,334,50142.43
2023-10-31,Товар_B,156.19,362,56540.16
2023-11-01,Товар_B,153.21,381,58373.4
2023-11-02,Товар_B,151.2,384,58062.24
2023-11-03,Товар_B,154.6,411,63540.44
2023-11-04,Товар_B,161.36,400,64543.53
2023-11-05,Товар_B,153.47,407,62461.89
2023-11-06,Товар_B,157.05,393,61721.5
2023-11-07,Товар_B,151.45,393,59521.25
2023-11-08,Товар_B,152.38,393,59885.12
2023-11-09,Товар_B,155.1,392,60798.82
2023-11-10,Товар_B,154.6,340,52562.54
2023-11-11,Товар_B,152.75,328,50100.39
2023-11-12,Товар_B,148.31,314,46568.49
2023-11-13,Товар_B,151.02,277,41832.64
2023-11-14,Товар_B,147.16,262,38555.66
2023-11-15,Товар_B,147.91,235,34758.44
2023-11-16,Товар_B,144.15,266,38343.69
2023-11-17,Товар_B,148.49,223,33114.23
2023-11-18,Товар_B,146.15,214,31275.98
2023-11-19,Товар_B,145.88,195,28447.38
2023-11-20,Товар_B,147.0,209,30722.76
2023-11-21,Товар_B,150.42,234,35199.18
2023-11-22,Товар_B,146.32,234,34239.22
2023-11-23,Товар_B,145.58,241,35084.28
2023-11-24,Товар_B,146.47,259,37935.8
2023-11-25,Товар_B,150.6,275,41415.42
2023-11-26,Товар_B,151.24,278,42044.78
2023-11-27,Товар_B,149.76,334,50021.13
2023-11-28,Товар_B,149.82,304,45546.47
2023-11-29,Товар_B,151.99,376,57147.47
2023-11-30,Товар_B,151.93,360,54694.58
2023-12-01,Товар_B,154.81,403,62388.1
2023-12-02,Товар_B,153.6,400,61438.59
2023-12-03,Товар_B,152.91,407,62234.56
2023-12-04,Товар_B,154.33,442,68212.96
2023-12-05,Товар_B,158.02,436,68894.65
2023-12-06,Товар_B,153.89,429,66019.69
2023-12-07,Товар_B,154.28,412,63564.08
2023-12-08,Товар_B,154.36,381,58812.85
2023-12-09,Товар_B,155.31,362,56223.77
2023-12-10,Товар_B,152.44,355,54114.78
2023-12-11,Товар_B,150.52,347,52231.05
2023-12-12,Товар_B,149.05,331,49335.61
2023-12-13,Товар_B,146.27,315,46074.57
2023-12-14,Товар_B,151.84,284,43123.75
2023-12-15,Товар_B,145.71,250,36426.4
2023-12-16,Товар_B,146.64,257,37687.36
2023-12-17,Товар_B,146.65,243,35635.52
2023-12-18,Товар_B,147.46,239,35243.92
2023-12-19,Товар_B,144.54,232,33534.41
2023-12-20,Товар_B,148.83,237,35272.04
2023-12-21,Товар_B,143.3,229,32814.71
2023-12-22,Товар_B,145.43,257,37375.28
2023-12-23,Товар_B,147.98,221,32703.39
2023-12-24,Товар_B,146.88,261,38335.68
2023-12-25,Товар_B,148.35,293,43465.76
2023-12-26,Товар_B,148.09,319,47240.54
2023-12-27,Товар_B,149.48,337,50375.07
2023-12-28,Товар_B,152.27,362,55121.85
2023-12-29,Товар_B,154.21,357,55051.42
2023-12-30,Товар_B,154.56,382,59040.03
2023-12-31,Товар_B,157.39,411,64688.15
2024-01-01,Товар_B,153.63,415,63757.07
2024-01-02,Товар_B,154.15,427,65821.59
2024-01-03,Товар_B,151.74,444,67372.55
2024-01-04,Товар_B,152.84,417,63733.03
2024-01-05,Товар_B,158.18,443,70072.19
2024-01-06,Товар_B,153.99,420,64676.84
2024-01-07,Товар_B,156.04,410,63976.19
2024-01-08,Товар_B,153.42,380,58297.95
2024-01-09,Товар_B,153.04,391,59837.03
2024-01-10,Товар_B,153.04,360,55094.99
2024-01-11,Товар_B,151.36,296,44801.3
2024-01-12,Товар_B,145.3,307,44606.85
2024-01-13,Товар_B,150.71,305,45967.66
2024-01-14,Товар_B,148.97,278,41412.78
2024-01-15,Товар_B,148.91,289,43036.18
2024-01-16,Товар_B,147.15,277,40761.69
2024-01-17,Товар_B,142.04,246,34942.03
2024-01-18,Товар_B,143.34,237,33971.79
2024-01-19,Товар_B,144.68,274,39641.12
2024-01-20,Товар_B,146.35,248,36294.23
2024-01-21,Товар_B,149.06,256,38159.35
2024-01-22,Товар_B,146.67,259,37988.43
2024-01-23,Товар_B,144.42,273,39426.94
2024-01-24,Товар_B,147.89,294,43480.32
2024-01-25,Товар_B,147.58,317,46781.47
2024-01-26,Товар_B,149.83,323,48396.31
2024-01-27,Товар_B,152.56,343,52327.97
2024-01-28,Товар_B,149.12,387,57708.89
2024-01-29,Товар_B,151.43,400,60573.85
2024-01-30,Товар_B,156.4,426,66624.96
2024-01-31,Товар_B,154.56,405,62596.87
2024-02-01,Товар_B,156.1,440,68683.1
2024-02-02,Товар_B,153.47,451,69214.37
2024-02-03,Товар_B,153.38,443,67947.59
2024-02-04,Товар_B,154.8,460,71207.04
2024-02-05,Товар_B,154.21,465,71707.09
2024-02-06,Товар_B,150.69,414,62384.95
2024-02-07,Товар_B,149.77,382,57212.39
2024-02-08,Товар_B,153.05,396,60608.25
2024-02-09,Товар_B,152.83,349,53337.54
2024-02-10,Товар_B,150.29,345,51851.29
2024-02-11,Товар_B,150.75,356,53668.47
2024-02-12,Товар_B,146.18,308,45024.65
2024-02-13,Товар_B,145.62,262,38153.16
2024-02-14,Товар_B,144.31,277,39973.85
2024-02-15,Товар_B,145.82,266,38789.07
2024-02-16,Товар_B,143.94,257,36993.79
2024-02-17,Товар_B,145.91,259,37791.02
2024-02-18,Товар_B,147.85,240,35483.82
2024-02-19,Товар_B,145.28,260,37773.43
2024-02-20,Товар_B,146.14,281,41064.3
2024-02-21,Товар_B,146.86,297,43616.98
2024-02-22,Товар_B,147.78,290,42857.38
2024-02-23,Товар_B,148.18,301,44603.21
2024-02-24,Товар_B,148.54,338,50207.94
2024-02-25,Товар_B,146.24,358,52352.6
2024-02-26,Товар_B,151.23,373,56407.02
2024-02-27,Товар_B,149.98,404,60591.25
2024-02-28,Товар_B,151.21,439,66379.69
2024-02-29,Товар_B,154.57,450,69556.55
2024-03-01,Товар_B,157.88,439,69309.65
2024-03-02,Товар_B,156.59,440,68901.18
2024-03-03,Товар_B,153.63,477,73282.16
2024-03-04,Товар_B,154.47,484,74764.7
2024-03-05,Товар_B,155.28,463,71892.75
2024-03-06,Товар_B,155.95,449,70022.33
2024-03-07,Товар_B,150.22,451,67748.62
2024-03-08,Товар_B,149.61,444,66428.59
2024-03-09,Товар_B,154.29,422,65109.15
2024-03-10,Товар_B,150.22,371,55730.85
2024-03-11,Товар_B,149.57,350,52349.56
2024-03-12,Товар_B,150.52,342,51477.76
2024-03-13,Товар_B,150.76,347,52312.92
2024-03-14,Товар_B,146.64,301,44139.43
2024-03-15,Товар_B,144.67,269,38916.91
2024-03-16,Товар_B,148.9,297,44223.61
2024-03-17,Товар_B,144.06,256,36879.31
2024-03-18,Товар_B,145.59,271,39454.27
2024-03-19,Товар_B,145.88,259,37781.76
2024-03-20,Товар_B,145.22,269,39063.05
2024-03-21,Товар_B,145.68,294,42830.72
2024-03-22,Товар_B,146.07,292,42651.0
2024-03-23,Товар_B,146.32,313,45798.49
2024-03-24,Товар_B,151.16,329,49732.83
2024-03-25,Товар_B,148.37,362,53709.75
2024-03-26,Товар_B,149.33,385,57492.96
2024-03-27,Товар_B,151.78,413,62684.66
2024-03-28,Товар_B,152.93,415,63465.58
2024-03-29,Товар_B,150.69,411,61931.7
2024-03-30,Товар_B,154.0,433,66682.7
2024-03-31,Товар_B,158.79,490,77808.44
2024-04-01,Товар_B,155.76,482,75074.86
2024-04-02,Товар_B,153.89,450,69249.27
2024-04-03,Товар_B,153.73,466,71638.61
2024-04-04,Товар_B,153.81,472,72598.84
2024-04-05,Товар_B,155.83,436,67940.11
2024-04-06,Товар_B,154.19,438,67537.07
2024-04-07,Товар_B,151.1,470,71017.07
2024-04-08,Товар_B,151.46,384,58161.28
2024-04-09,Товар_B,154.96,419,64926.67
2024-04-10,Товар_B,150.99,364,54961.6
2024-04-11,Товар_B,148.75,355,52805.73
2024-04-12,Товар_B,144.96,382,55374.86
2024-04-13,Товар_B,148.0,329,48690.84
2024-04-14,Товар_B,146.48,326,47752.56
2024-04-15,Товар_B,144.89,303,43900.63
2024-04-16,Товар_B,144.56,294,42500.15
2024-04-17,Товар_B,144.29,295,42565.01
2024-04-18,Товар_B,144.97,292,42330.91
2024-04-19,Товар_B,145.14,308,44703.71
2024-04-20,Товар_B,148.19,274,40605.08
2024-04-21,Товар_B,144.98,300,43493.02
2024-04-22,Товар_B,149.81,320,47939.18
2024-04-23,Товар_B,154.24,316,48740.41
2024-04-24,Товар_B,149.41,384,57372.26
2024-04-25,Товар_B,150.57,389,58572.16
2024-04-26,Товар_B,152.33,419,63826.27
2024-04-27,Товар_B,152.21,440,66973.65
2024-04-28,Товар_B,152.64,447,68228.46
2024-04-29,Товар_B,155.98,463,72220.25
2024-04-30,Товар_B,148.45,488,72443.28
2024-05-01,Товар_B,155.14,497,77106.94
2024-05-02,Товар_B,154.2,492,75864.22
2024-05-03,Товар_B,156.87,510,80002.51
2024-05-04,Товар_B,155.57,478,74362.17
2024-05-05,Товар_B,151.57,467,70783.61
2024-05-06,Товар_B,155.44,460,71502.64
2024-05-07,Товар_B,153.97,469,72209.63
2024-05-08,Товар_B,153.07,448,68573.59
2024-05-09,Товар_B,151.9,408,61976.59
2024-05-10,Товар_B,151.51,409,61967.01
2024-05-11,Товар_B,150.38,395,59398.93
2024-05-12,Товар_B,150.11,363,54488.7
2024-05-13,Товар_B,145.3,339,49255.79
2024-05-14,Товар_B,144.79,322,46623.82
2023-01-01,Товар_C,199.71,89,17774.28
2023-01-02,Товар_C,200.42,109,21846.18
2023-01-03,Товар_C,202.46,113,22878.01
2023-01-04,Товар_C,201.3,160,32208.76
2023-01-05,Товар_C,205.59,186,38239.9
2023-01-06,Товар_C,202.8,164,33259.97
2023-01-07,Товар_C,202.88,186,37734.84
2023-01-08,Товар_C,204.58,215,43985.77
2023-01-09,Товар_C,200.96,199,39992.01
2023-01-10,Товар_C,202.28,209,42275.84
2023-01-11,Товар_C,204.88,192,39337.9
2023-01-12,Товар_C,201.1,200,40219.62
2023-01-13,Товар_C,203.31,119,24193.49
2023-01-14,Товар_C,204.51,174,35585.01
2023-01-15,Товар_C,200.06,130,26007.32
2023-01-16,Товар_C,198.05,119,23568.3
2023-01-17,Товар_C,199.97,94,18797.31
2023-01-18,Товар_C,203.49,83,16889.31
2023-01-19,Товар_C,196.04,56,10978.42
2023-01-20,Товар_C,192.75,34,6553.37
2023-01-21,Товар_C,194.85,12,2338.22
2023-01-22,Товар_C,195.55,7,1368.85
2023-01-23,Товар_C,197.27,0,0.0
2023-01-24,Товар_C,195.01,12,2340.11
2023-01-25,Товар_C,195.56,11,2151.11
2023-01-26,Товар_C,193.94,38,7369.55
2023-01-27,Товар_C,195.68,28,5478.95
2023-01-28,Товар_C,195.42,34,6644.37
2023-01-29,Товар_C,199.72,66,13181.2
2023-01-30,Товар_C,199.35,97,19336.72
2023-01-31,Товар_C,199.73,127,25365.11
2023-02-01,Товар_C,200.83,142,28518.3
2023-02-02,Товар_C,200.87,160,32138.91
2023-02-03,Товар_C,202.67,138,27968.51
2023-02-04,Товар_C,205.57,212,43580.45
2023-02-05,Товар_C,206.8,218,45082.92
2023-02-06,Товар_C,205.15,214,43902.08
2023-02-07,Товар_C,204.34,208,42502.82
2023-02-08,Товар_C,207.38,227,47075.35
2023-02-09,Товар_C,203.85,212,43217.24
2023-02-10,Товар_C,205.53,206,42339.7
2023-02-11,Товар_C,199.12,173,34448.34
2023-02-12,Товар_C,200.5,171,34285.07
2023-02-13,Товар_C,201.74,154,31067.67
2023-02-14,Товар_C,203.94,135,27532.51
2023-02-15,Товар_C,200.6,127,25476.32
2023-02-16,Товар_C,196.68,111,21831.79
2023-02-17,Товар_C,197.81,98,19385.85
2023-02-18,Товар_C,194.92,75,14618.8
2023-02-19,Товар_C,197.92,26,5145.92
2023-02-20,Товар_C,193.87,44,8530.09
2023-02-21,Товар_C,197.5,17,3357.42
2023-02-22,Товар_C,198.31,8,1586.5
2023-02-23,Товар_C,196.3,13,2551.95
2023-02-24,Товар_C,196.45,26,5107.73
2023-02-25,Товар_C,195.34,32,6251.02
2023-02-26,Товар_C,194.28,54,10491.11
2023-02-27,Товар_C,196.03,80,15682.77
2023-02-28,Товар_C,195.98,84,16462.12
2023-03-01,Товар_C,198.58,70,13900.49
2023-03-02,Товар_C,201.57,166,33460.49
2023-03-03,Товар_C,200.51,151,30277.58
2023-03-04,Товар_C,203.13,172,34938.0
2023-03-05,Товар_C,205.17,172,35288.82
2023-03-06,Товар_C,205.15,217,44518.0
2023-03-07,Товар_C,204.37,225,45983.11
2023-03-08,Товар_C,205.94,238,49013.46
2023-03-09,Товар_C,203.83,227,46268.37
2023-03-10,Товар_C,208.07,234,48688.53
2023-03-11,Товар_C,201.82,211,42584.07
2023-03-12,Товар_C,204.43,224,45792.75
2023-03-13,Товар_C,204.2,212,43291.17
2023-03-14,Товар_C,205.92,191,39330.46
2023-03-15,Товар_C,200.38,153,30657.63
2023-03-16,Товар_C,197.75,156,30849.5
2023-03-17,Товар_C,203.32,134,27245.27
2023-03-18,Товар_C,199.42,117,23332.36
2023-03-19,Товар_C,196.73,78,15345.22
2023-03-20,Товар_C,196.43,74,14535.5
2023-03-21,Товар_C,197.4,84,16581.57
2023-03-22,Товар_C,196.16,36,7061.86
2023-03-23,Товар_C,197.53,52,10271.3
2023-03-24,Товар_C,193.0,65,12544.82
2023-03-25,Товар_C,192.51,29,5582.85
2023-03-26,Товар_C,196.18,43,8435.63
2023-03-27,Товар_C,195.52,70,13686.26
2023-03-28,Товар_C,196.59,63,12385.03
2023-03-29,Товар_C,201.24,72,14489.29
2023-03-30,Товар_C,198.34,79,15668.53
2023-03-31,Товар_C,198.97,154,30642.0
2023-04-01,Товар_C,199.29,142,28298.49
2023-04-02,Товар_C,203.79,163,33217.0
2023-04-03,Товар_C,205.1,153,31380.38
2023-04-04,Товар_C,202.41,183,37040.23
2023-04-05,Товар_C,204.89,214,43847.07
2023-04-06,Товар_C,205.25,210,43103.44
2023-04-07,Товар_C,202.03,273,55153.9
2023-04-08,Товар_C,203.65,250,50912.16
2023-04-09,Товар_C,205.01,254,52072.77
2023-04-10,Товар_C,205.73,234,48141.06
2023-04-11,Товар_C,203.95,263,53638.41
2023-04-12,Товар_C,201.13,235,47265.36
2023-04-13,Товар_C,203.88,195,39757.33
2023-04-14,Товар_C,202.74,214,43387.41
2023-04-15,Товар_C,201.04,168,33774.41
2023-04-16,Товар_C,201.21,133,26760.8
2023-04-17,Товар_C,198.06,145,28718.16
2023-04-18,Товар_C,198.5,105,20842.3
2023-04-19,Товар_C,196.93,88,17329.74
2023-04-20,Товар_C,195.79,111,21732.71
2023-04-21,Товар_C,194.37,63,12245.61
2023-04-22,Товар_C,194.88,71,13836.64
2023-04-23,Товар_C,197.67,46,9092.82
2023-04-24,Товар_C,193.83,78,15118.47
2023-04-25,Товар_C,197.26,33,6509.57
2023-04-26,Товар_C,197.25,60,11835.07
2023-04-27,Товар_C,198.07,54,10695.75
2023-04-28,Товар_C,198.52,81,16080.33
2023-04-29,Товар_C,196.06,118,23134.9
2023-04-30,Товар_C,200.33,132,26443.97
2023-05-01,Товар_C,201.17,161,32388.18
2023-05-02,Товар_C,197.91,210,41561.33
2023-05-03,Товар_C,202.24,225,45504.54
2023-05-04,Товар_C,200.28,206,41257.33
2023-05-05,Товар_C,205.56,233,47895.25
2023-05-06,Товар_C,207.35,247,51216.05
2023-05-07,Товар_C,204.73,236,48316.54
2023-05-08,Товар_C,205.7,244,50190.77
2023-05-09,Товар_C,204.13,276,56340.18
2023-05-10,Товар_C,205.15,220,45133.7
2023-05-11,Товар_C,205.14,258,52925.79
2023-05-12,Товар_C,201.57,258,52005.99
2023-05-13,Товар_C,205.32,234,48045.8
2023-05-14,Товар_C,202.67,180,36481.14
2023-05-15,Товар_C,200.88,180,36157.77
2023-05-16,Товар_C,199.03,172,34232.39
2023-05-17,Товар_C,199.03,137,27266.94
2023-05-18,Товар_C,195.79,111,21733.21
2023-05-19,Товар_C,194.76,120,23371.62
2023-05-20,Товар_C,197.21,105,20706.99
2023-05-21,Товар_C,194.31,57,11075.94
2023-05-22,Товар_C,193.28,93,17975.26
2023-05-23,Товар_C,195.95,64,12540.9
2023-05-24,Товар_C,194.52,83,16145.52
2023-05-25,Товар_C,198.09,67,13271.99
2023-05-26,Товар_C,197.63,111,21936.66
2023-05-27,Товар_C,194.67,99,19272.11
2023-05-28,Товар_C,198.11,102,20206.82
2023-05-29,Товар_C,200.77,139,27906.96
2023-05-30,Товар_C,195.95,163,31940.55
2023-05-31,Товар_C,198.0,190,37620.74
2023-06-01,Товар_C,201.54,190,38292.59
2023-06-02,Товар_C,208.25,246,51230.37
2023-06-03,Товар_C,202.57,244,49427.7
2023-06-04,Товар_C,205.49,259,53222.18
2023-06-05,Товар_C,207.92,259,53851.42
2023-06-06,Товар_C,205.75,276,56787.21
2023-06-07,Товар_C,205.82,287,59069.13
2023-06-08,Товар_C,203.74,291,59287.79
2023-06-09,Товар_C,202.55,266,53879.62
2023-06-10,Товар_C,205.89,273,56207.42
2023-06-11,Товар_C,207.06,261,54043.89
2023-06-12,Товар_C,204.28,239,48822.06
2023-06-13,Товар_C,201.26,205,41258.19
2023-06-14,Товар_C,202.74,213,43183.14
2023-06-15,Товар_C,199.86,178,35574.51
2023-06-16,Товар_C,198.25,139,27556.25
2023-06-17,Товар_C,199.12,156,31062.21
2023-06-18,Товар_C,197.16,132,26025.2
2023-06-19,Товар_C,194.96,110,21446.0
2023-06-20,Товар_C,196.51,108,21223.28
2023-06-21,Товар_C,194.19,97,18836.69
2023-06-22,Товар_C,197.22,54,10649.97
2023-06-23,Товар_C,193.3,79,15270.85
2023-06-24,Товар_C,194.46,102,19834.99
2023-06-25,Товар_C,196.9,116,22840.85
2023-06-26,Товар_C,193.55,123,23806.94
2023-06-27,Товар_C,197.58,147,29044.79
2023-06-28,Товар_C,198.25,142,28151.94
2023-06-29,Товар_C,199.78,142,28368.44
2023-06-30,Товар_C,197.29,174,34329.27
2023-07-01,Товар_C,203.26,188,38213.81
2023-07-02,Товар_C,205.1,222,45532.45
2023-07-03,Товар_C,199.52,242,48284.86
2023-07-04,Товар_C,206.19,249,51340.65
2023-07-05,Товар_C,203.23,276,56092.46
2023-07-06,Товар_C,205.76,290,59670.07
2023-07-07,Товар_C,207.87,309,64231.71
2023-07-08,Товар_C,202.32,288,58268.31
2023-07-09,Товар_C,205.28,283,58093.06
2023-07-10,Товар_C,202.42,267,54045.03
2023-07-11,Товар_C,203.62,274,55791.45
2023-07-12,Товар_C,201.42,255,51362.59
2023-07-13,Товар_C,200.19,233,46643.16
2023-07-14,Товар_C,203.11,231,46918.42
2023-07-15,Товар_C,198.14,169,33485.83
2023-07-16,Товар_C,197.66,154,30439.7
2023-07-17,Товар_C,195.07,156,30430.46
2023-07-18,Товар_C,195.05,126,24576.7
2023-07-19,Товар_C,196.42,128,25142.14
2023-07-20,Товар_C,196.02,102,19994.4
2023-07-21,Товар_C,194.7,97,18886.04
2023-07-22,Товар_C,197.71,126,24911.25
2023-07-23,Товар_C,196.69,82,16128.32
2023-07-24,Товар_C,192.95,119,22960.83
2023-07-25,Товар_C,198.75,128,25439.45
2023-07-26,Товар_C,194.45,111,21583.87
2023-07-27,Товар_C,197.6,159,31419.05
2023-07-28,Товар_C,198.65,171,33968.72
2023-07-29,Товар_C,196.31,189,37102.12
2023-07-30,Товар_C,202.34,220,44514.62
2023-07-31,Товар_C,200.95,222,44611.48
2023-08-01,Товар_C,203.06,223,45282.87
2023-08-02,Товар_C,202.81,273,55368.37
2023-08-03,Товар_C,203.05,298,60508.18
2023-08-04,Товар_C,202.29,302,61091.82
2023-08-05,Товар_C,204.41,302,61730.79
2023-08-06,Товар_C,204.23,311,63516.64
2023-08-07,Товар_C,206.62,306,63227.16
2023-08-08,Товар_C,201.54,298,60059.55
2023-08-09,Товар_C,207.09,322,66683.96
2023-08-10,Товар_C,205.1,265,54350.21
2023-08-11,Товар_C,203.47,262,53308.07
2023-08-12,Товар_C,201.56,256,51600.61
2023-08-13,Товар_C,199.66,221,44124.52
2023-08-14,Товар_C,198.34,198,39270.6
2023-08-15,Товар_C,197.53,191,37728.02
2023-08-16,Товар_C,200.94,183,36772.17
2023-08-17,Товар_C,197.54,146,28840.82
2023-08-18,Товар_C,197.23,147,28992.56
2023-08-19,Товар_C,197.16,129,25433.03
2023-08-20,Товар_C,192.77,127,24481.71
2023-08-21,Товар_C,196.8,129,25387.45
2023-08-22,Товар_C,195.1,105,20485.84
2023-08-23,Товар_C,194.83,132,25717.04
2023-08-24,Товар_C,200.4,146,29258.05
2023-08-25,Товар_C,193.52,131,25351.41
2023-08-26,Товар_C,198.5,164,32554.69
2023-08-27,Товар_C,200.87,174,34951.87
2023-08-28,Товар_C,200.35,178,35661.64
2023-08-29,Товар_C,203.44,210,42722.14
2023-08-30,Товар_C,199.51,271,54066.19
2023-08-31,Товар_C,203.75,253,51549.47
2023-09-01,Товар_C,202.85,274,55580.38
2023-09-02,Товар_C,199.88,296,59163.41
2023-09-03,Товар_C,202.95,308,62508.81
2023-09-04,Товар_C,207.64,310,64369.19
2023-09-05,Товар_C,206.6,304,62806.1
2023-09-06,Товар_C,204.41,319,65207.78
2023-09-07,Товар_C,205.44,331,67999.11
2023-09-08,Товар_C,206.27,320,66005.28
2023-09-09,Товар_C,202.49,294,59532.43
2023-09-10,Товар_C,201.29,268,53945.21
2023-09-11,Товар_C,204.52,311,63606.67
2023-09-12,Товар_C,198.39,227,45035.58
2023-09-13,Товар_C,201.09,234,47056.12
2023-09-14,Товар_C,198.45,215,42666.86
2023-09-15,Товар_C,198.62,185,36745.08
2023-09-16,Товар_C,192.62,171,32938.44
2023-09-17,Товар_C,194.58,151,29381.8
2023-09-18,Товар_C,201.64,146,29439.5
2023-09-19,Товар_C,194.62,140,27246.47
2023-09-20,Товар_C,195.99,145,28418.95
2023-09-21,Товар_C,196.24,138,27081.27
2023-09-22,Товар_C,192.98,167,32228.15
2023-09-23,Товар_C,193.82,153,29654.02
2023-09-24,Товар_C,194.45,167,32472.63
2023-09-25,Товар_C,196.47,168,33007.11
2023-09-26,Товар_C,199.8,207,41359.27
2023-09-27,Товар_C,199.07,195,38818.71
2023-09-28,Товар_C,197.48,224,44236.19
2023-09-29,Товар_C,200.42,253,50706.92
2023-09-30,Товар_C,202.9,313,63507.58
2023-10-01,Товар_C,201.81,274,55295.77
2023-10-02,Товар_C,207.89,326,67772.99
2023-10-03,Товар_C,200.57,300,60171.08
2023-10-04,Товар_C,205.53,361,74197.96
2023-10-05,Товар_C,206.04,324,66757.57
2023-10-06,Товар_C,204.98,298,61083.85
2023-10-07,Товар_C,206.6,339,70038.7
2023-10-08,Товар_C,204.5,311,63599.97
2023-10-09,Товар_C,204.23,300,61267.95
2023-10-10,Товар_C,202.12,286,57807.1
2023-10-11,Товар_C,203.34,267,54290.7
2023-10-12,Товар_C,200.57,275,55156.84
2023-10-13,Товар_C,197.1,243,47895.98
2023-10-14,Товар_C,198.86,217,43152.63
2023-10-15,Товар_C,195.74,242,47369.66
2023-10-16,Товар_C,199.05,207,41204.34
2023-10-17,Товар_C,199.8,174,34765.46
2023-10-18,Товар_C,196.45,163,32021.06
2023-10-19,Товар_C,197.69,149,29456.09
2023-10-20,Товар_C,193.78,162,31391.72
2023-10-21,Товар_C,194.62,127,24716.92
2023-10-22,Товар_C,195.12,139,27121.36
2023-10-23,Товар_C,194.76,179,34861.19
2023-10-24,Товар_C,196.4,173,33977.26
2023-10-25,Товар_C,192.57,202,38898.59
2023-10-26,Товар_C,198.39,199,39479.39
2023-10-27,Товар_C,197.98,246,48702.25
2023-10-28,Товар_C,201.24,221,44473.91
2023-10-29,Товар_C,198.66,261,51850.32
2023-10-30,Товар_C,201.66,282,56869.43
2023-10-31,Товар_C,198.53,301,59756.87
2023-11-01,Товар_C,206.27,339,69924.0
2023-11-02,Товар_C,202.05,348,70315.05
2023-11-03,Товар_C,204.74,345,70636.07
2023-11-04,Товар_C,206.31,361,74477.65
2023-11-05,Товар_C,205.14,342,70156.72
2023-11-06,Товар_C,207.67,356,73929.43
2023-11-07,Товар_C,205.91,352,72479.7
2023-11-08,Товар_C,206.54,331,68363.63
2023-11-09,Товар_C,201.22,320,64389.36
2023-11-10,Товар_C,203.43,318,64690.58
2023-11-11,Товар_C,200.08,271,54221.84
2023-11-12,Товар_C,200.93,261,52441.78
2023-11-13,Товар_C,199.58,240,47899.93
2023-11-14,Товар_C,200.11,243,48626.58
2023-11-15,Товар_C,198.94,203,40385.57
2023-11-16,Товар_C,197.08,169,33306.54
2023-11-17,Товар_C,195.23,200,39046.76
2023-11-18,Товар_C,193.94,152,29478.96
2023-11-19,Товар_C,193.46,145,28051.39
2023-11-20,Товар_C,192.22,156,29985.74
2023-11-21,Товар_C,197.05,167,32907.23
2023-11-22,Товар_C,198.71,162,32190.77
2023-11-23,Товар_C,198.35,196,38875.71
2023-11-24,Товар_C,198.77,194,38561.4
2023-11-25,Товар_C,199.75,206,41147.84
2023-11-26,Товар_C,200.07,246,49216.47
2023-11-27,Товар_C,198.21,247,48957.84
2023-11-28,Товар_C,199.14,295,58747.14
2023-11-29,Товар_C,199.3,313,62380.71
2023-11-30,Товар_C,200.47,338,67760.17
2023-12-01,Товар_C,204.97,349,71533.48
2023-12-02,Товар_C,205.49,343,70484.5
2023-12-03,Товар_C,203.68,367,74749.68
2023-12-04,Товар_C,201.05,352,70768.67
2023-12-05,Товар_C,201.84,373,75287.44
2023-12-06,Товар_C,204.23,366,74747.59
2023-12-07,Товар_C,203.73,366,74563.73
2023-12-08,Товар_C,205.18,339,69555.84
2023-12-09,Товар_C,203.57,334,67992.79
2023-12-10,Товар_C,198.96,319,63469.05
2023-12-11,Товар_C,202.26,304,61488.41
2023-12-12,Товар_C,199.51,257,51274.54
2023-12-13,Товар_C,198.69,251,49871.55
2023-12-14,Товар_C,200.83,237,47596.48
2023-12-15,Товар_C,194.44,231,44914.86
2023-12-16,Товар_C,198.94,209,41578.91
2023-12-17,Товар_C,197.85,194,38383.26
2023-12-18,Товар_C,197.29,210,41431.35
2023-12-19,Товар_C,197.12,180,35481.16
2023-12-20,Товар_C,195.08,179,34918.46
2023-12-21,Товар_C,198.37,176,34913.39
2023-12-22,Товар_C,198.73,178,35374.76
2023-12-23,Товар_C,193.49,211,40825.48
2023-12-24,Товар_C,192.86,225,43393.73
2023-12-25,Товар_C,199.74,247,49334.98
2023-12-26,Товар_C,199.21,249,49602.68
2023-12-27,Товар_C,198.99,309,61487.45
2023-12-28,Товар_C,204.0,285,58140.82
2023-12-29,Товар_C,202.04,351,70916.42
2023-12-30,Товар_C,205.62,355,72995.77
2023-12-31,Товар_C,202.75,345,69947.06
2024-01-01,Товар_C,207.7,387,80379.96
2024-01-02,Товар_C,203.0,386,78356.32
2024-01-03,Товар_C,203.91,412,84011.2
2024-01-04,Товар_C,205.66,378,77738.45
2024-01-05,Товар_C,206.46,402,82998.22
2024-01-06,Товар_C,205.26,377,77381.78
2024-01-07,Товар_C,204.83,360,73739.52
2024-01-08,Товар_C,202.35,306,61917.79
2024-01-09,Товар_C,199.73,330,65911.45
2024-01-10,Товар_C,200.63,313,62797.38
2024-01-11,Товар_C,203.15,313,63584.71
2024-01-12,Товар_C,198.66,260,51651.28
2024-01-13,Товар_C,197.06,246,48477.5
2024-01-14,Товар_C,195.54,233,45561.87
2024-01-15,Товар_C,197.53,198,39110.88
2024-01-16,Товар_C,194.06,212,41140.98
2024-01-17,Товар_C,193.98,208,40348.16
2024-01-18,Товар_C,196.67,195,38350.28
2024-01-19,Товар_C,195.94,191,37423.94
2024-01-20,Товар_C,194.85,189,36826.99
2024-01-21,Товар_C,194.18,202,39223.7
2024-01-22,Товар_C,193.19,216,41728.4
2024-01-23,Товар_C,196.49,227,44603.53
2024-01-24,Товар_C,197.48,249,49173.35
2024-01-25,Товар_C,199.92,272,54378.06
2024-01-26,Товар_C,198.7,308,61199.74
2024-01-27,Товар_C,198.96,298,59288.73
2024-01-28,Товар_C,201.33,329,66237.52
2024-01-29,Товар_C,200.35,343,68718.92
2024-01-30,Товар_C,204.08,364,74284.6
2024-01-31,Товар_C,203.22,393,79863.61
2024-02-01,Товар_C,202.9,386,78320.13
2024-02-02,Товар_C,203.28,397,80700.47
2024-02-03,Товар_C,201.4,407,81970.16
2024-02-04,Товар_C,205.36,389,79884.07
2024-02-05,Товар_C,209.72,389,81579.6
2024-02-06,Товар_C,201.71,380,76648.89
2024-02-07,Товар_C,199.39,358,71380.34
2024-02-08,Товар_C,200.37,340,68124.97
2024-02-09,Товар_C,199.94,336,67180.0
2024-02-10,Товар_C,198.73,300,59618.67
2024-02-11,Товар_C,198.32,308,61081.93
2024-02-12,Товар_C,199.59,290,57882.44
2024-02-13,Товар_C,197.8,252,49845.23
2024-02-14,Товар_C,192.43,236,45413.23
2024-02-15,Товар_C,197.36,214,42235.08
2024-02-16,Товар_C,192.43,209,40218.78
2024-02-17,Товар_C,198.44,205,40679.3
2024-02-18,Товар_C,194.9,225,43853.26
2024-02-19,Товар_C,194.51,226,43959.64
2024-02-20,Товар_C,193.82,195,37795.08
2024-02-21,Товар_C,195.74,257,50304.23
2024-02-22,Товар_C,196.46,246,48329.5
2024-02-23,Товар_C,201.22,296,59560.6
2024-02-24,Товар_C,198.64,321,63764.19
2024-02-25,Товар_C,196.97,314,61847.55
2024-02-26,Товар_C,198.7,353,70142.51
2024-02-27,Товар_C,199.84,354,70743.03
2024-02-28,Товар_C,201.26,361,72656.45
2024-02-29,Товар_C,202.64,377,76394.33
2024-03-01,Товар_C,206.0,390,80338.75
2024-03-02,Товар_C,205.2,391,80231.78
2024-03-03,Товар_C,203.95,431,87900.82
2024-03-04,Товар_C,204.51,402,82213.65
2024-03-05,Товар_C,205.14,427,87596.27
2024-03-06,Товар_C,205.3,393,80682.07
2024-03-07,Товар_C,205.08,373,76494.26
2024-03-08,Товар_C,202.32,380,76882.86
2024-03-09,Товар_C,200.26,344,68889.55
2024-03-10,Товар_C,203.5,345,70206.64
2024-03-11,Товар_C,200.92,307,61681.45
2024-03-12,Товар_C,197.79,265,52414.67
2024-03-13,Товар_C,196.15,277,54332.71
2024-03-14,Товар_C,195.73,246,48148.48
2024-03-15,Товар_C,195.91,249,48781.49
2024-03-16,Товар_C,191.43,199,38094.27
2024-03-17,Товар_C,196.16,216,42370.58
2024-03-18,Товар_C,194.03,180,34925.03
2024-03-19,Товар_C,197.8,214,42330.07
2024-03-20,Товар_C,196.01,221,43318.36
2024-03-21,Товар_C,191.41,238,45555.28
2024-03-22,Товар_C,196.72,260,51145.92
2024-03-23,Товар_C,204.91,272,55736.49
2024-03-24,Товар_C,201.42,252,50756.76
2024-03-25,Товар_C,199.54,299,59660.99
2024-03-26,Товар_C,199.15,324,64525.09
2024-03-27,Товар_C,201.7,337,67972.42
2024-03-28,Товар_C,203.53,343,69812.45
2024-03-29,Товар_C,200.68,379,76057.26
2024-03-30,Товар_C,206.23,394,81254.63
2024-03-31,Товар_C,205.05,406,83249.1
2024-04-01,Товар_C,206.27,412,84983.7
2024-04-02,Товар_C,208.67,438,91397.38
2024-04-03,Товар_C,206.31,425,87681.72
2024-04-04,Товар_C,207.35,426,88329.83
2024-04-05,Товар_C,205.82,405,83357.16
2024-04-06,Товар_C,203.59,401,81638.53
2024-04-07,Товар_C,203.44,391,79546.37
2024-04-08,Товар_C,202.46,370,74911.35
2024-04-09,Товар_C,203.01,376,76331.93
2024-04-10,Товар_C,199.09,345,68685.68
2024-04-11,Товар_C,200.87,298,59859.57
2024-04-12,Товар_C,200.91,305,61278.06
2024-04-13,Товар_C,196.6,266,52296.13
2024-04-14,Товар_C,195.5,235,45942.34
2024-04-15,Товар_C,194.74,263,51215.8
2024-04-16,Товар_C,194.86,250,48715.93
2024-04-17,Товар_C,192.73,241,46448.41
2024-04-18,Товар_C,189.05,238,44992.74
2024-04-19,Товар_C,191.98,239,45884.12
2024-04-20,Товар_C,197.22,268,52856.22
2024-04-21,Товар_C,199.33,270,53818.1
2024-04-22,Товар_C,200.56,265,53147.29
2024-04-23,Товар_C,197.49,312,61617.88
2024-04-24,Товар_C,196.75,335,65910.53
2024-04-25,Товар_C,198.78,327,65001.98
2024-04-26,Товар_C,198.93,353,70221.03
2024-04-27,Товар_C,201.52,400,80606.39
2024-04-28,Товар_C,201.8,405,81728.28
2024-04-29,Товар_C,204.26,389,79455.52
2024-04-30,Товар_C,204.19,400,81677.14
2024-05-01,Товар_C,208.73,417,87040.34
2024-05-02,Товар_C,205.18,456,93563.96
2024-05-03,Товар_C,203.28,462,93915.35
2024-05-04,Товар_C,205.15,447,91704.24
2024-05-05,Товар_C,206.87,435,89990.55
2024-05-06,Товар_C,204.29,430,87846.06
2024-05-07,Товар_C,201.02,379,76186.14
2024-05-08,Товар_C,202.22,385,77854.86
2024-05-09,Товар_C,205.86,350,72052.02
2024-05-10,Товар_C,201.2,370,74445.57
2024-05-11,Товар_C,198.54,328,65119.82
2024-05-12,Товар_C,198.12,293,58049.53
2024-05-13,Товар_C,194.58,294,57205.8
2024-05-14,Товар_C,195.97,280,54872.65
